trip_date,trips,revenue,avg_distance_miles,avg_total
2026-08-01,123373,3668312.42,3.58,29.73
2026-08-02,103616,3071940.18,3.9,29.65
2026-08-03,98373,2999075.75,3.48,30.49
2026-08-04,109464,3292885.0,3.24,30.08
2026-08-05,117956,3497002.9,3.08,29.65
2026-08-06,123580,3686226.56,3.13,29.83
2026-08-07,126617,3870417.04,3.11,30.57
2026-08-08,119062,3592509.6,3.79,30.17
2026-08-09,105895,3321703.7,4.14,31.37
2026-08-10,94201,2871177.92,3.54,30.48
2026-08-11,102644,3073180.77,3.38,29.94
2026-08-12,109064,3285632.04,3.34,30.13
2026-08-13,109509,3304473.28,3.39,30.18
2026-08-14,104317,3133790.0,3.48,30.04
2026-08-15,110908,3275416.1,3.79,29.53
2026-08-16,99162,3030272.1,4.14,30.56
2026-08-17,88107,2729974.14,3.79,30.98
2026-08-18,101436,2996311.04,3.36,29.54
2026-08-19,103249,3043243.76,3.34,29.47
2026-08-20,134302,4285922.98,3.0,31.91
2026-08-21,99264,3113250.01,3.69,31.36
2026-08-22,103461,3033277.89,3.85,29.32
2026-08-23,91275,2868858.68,4.37,31.43
2026-08-24,81340,2521807.46,3.83,31.0
2026-08-25,92417,2784895.46,3.51,30.13
2026-08-26,98083,2978423.41,3.49,30.37
2026-08-27,109181,3346013.87,3.27,30.65
2026-08-28,105475,3311270.67,3.71,31.39
2026-08-29,117805,3550352.17,3.92,30.14
2026-08-30,103967,3198781.27,4.35,30.77
2026-08-31,91880,2915856.51,3.93,31.74
